,gene,tcga_cohort,mutation,percent_in_cohort,count_in_cohort
129,ACVR2A,coadread_tcga_pan_can_atlas_2018,K437Rfs*5,1.8518518518518516,11
132,ACVR2A,ucec_tcga_pan_can_atlas_2018,K437Rfs*5,4.536862003780719,24
131,ACVR2A,stad_tcga_pan_can_atlas_2018,D96Tfs*54,1.3636363636363635,6
130,ACVR2A,stad_tcga_pan_can_atlas_2018,K437Rfs*5,7.045454545454545,31
197,AMOT,ucs_tcga_pan_can_atlas_2018,K595Rfs*29,1.7543859649122806,1
35,APC,coadread_tcga_pan_can_atlas_2018,S1465Wfs*3,1.1784511784511784,7
34,APC,coadread_tcga_pan_can_atlas_2018,T1556Nfs*3,1.8518518518518516,11
106,ARHGAP35,ucs_tcga_pan_can_atlas_2018,F938Lfs*10,1.7543859649122806,1
107,ARHGAP35,ucs_tcga_pan_can_atlas_2018,R997Efs*30,1.7543859649122806,1
108,ARHGAP35,ucs_tcga_pan_can_atlas_2018,F651Sfs*24,1.7543859649122806,1
25,ARID1A,stad_tcga_pan_can_atlas_2018,D1850Tfs*33,3.1818181818181817,14
26,ARID1A,stad_tcga_pan_can_atlas_2018,F2141Sfs*59,1.5909090909090908,7
27,ARID1A,ucec_tcga_pan_can_atlas_2018,D1850Tfs*33,2.2684310018903595,12
28,ARID1A,ucec_tcga_pan_can_atlas_2018,D1850Gfs*4,1.1342155009451798,6
32,ARID1A,ucs_tcga_pan_can_atlas_2018,F2141Sfs*59,1.7543859649122806,1
30,ARID1A,ucec_tcga_pan_can_atlas_2018,F2141Sfs*59,1.3232514177693762,7
31,ARID1A,ucs_tcga_pan_can_atlas_2018,Q520Sfs*99,1.7543859649122806,1
33,ARID1A,ucs_tcga_pan_can_atlas_2018,Y551Lfs*72,1.7543859649122806,1
24,ARID1A,meso_tcga_pan_can_atlas_2018,G122Wfs*269,1.1494252873563218,1
29,ARID1A,ucec_tcga_pan_can_atlas_2018,K1072Nfs*21,1.3232514177693762,7
23,ARID1A,dlbc_tcga_pan_can_atlas_2018,P1568Lfs*44,2.083333333333333,1
22,ARID1A,chol_tcga_pan_can_atlas_2018,S1558Cfs*11,2.7777777777777777,1
21,ARID1A,chol_tcga_pan_can_atlas_2018,N1820Tfs*9,2.7777777777777777,1
113,ARID1B,chol_tcga_pan_can_atlas_2018,N1290Tfs*145,2.7777777777777777,1
47,ARID2,meso_tcga_pan_can_atlas_2018,E1247Gfs*13,1.1494252873563218,1
48,ARID2,meso_tcga_pan_can_atlas_2018,V1140Sfs*20,1.1494252873563218,1
133,ASXL1,dlbc_tcga_pan_can_atlas_2018,A1041Pfs*6,2.083333333333333,1
134,ASXL1,stad_tcga_pan_can_atlas_2018,G645Vfs*58,1.1363636363636365,5
78,ATM,acc_tcga_pan_can_atlas_2018,T1011Kfs*7,1.0869565217391304,1
77,ATM,acc_tcga_pan_can_atlas_2018,S629Tfs*20,1.0869565217391304,1
64,ATRX,kich_tcga_pan_can_atlas_2018,S1124Lfs*6,1.5384615384615385,1
116,B2M,dlbc_tcga_pan_can_atlas_2018,Y46Cfs*10,2.083333333333333,1
115,B2M,dlbc_tcga_pan_can_atlas_2018,L15Ffs*41,2.083333333333333,1
114,B2M,coadread_tcga_pan_can_atlas_2018,L15Ffs*41,1.3468013468013467,8
117,B2M,dlbc_tcga_pan_can_atlas_2018,A8Sfs*31,2.083333333333333,1
118,B2M,stad_tcga_pan_can_atlas_2018,L15Ffs*41,1.8181818181818181,8
93,BAP1,meso_tcga_pan_can_atlas_2018,N251Tfs*6,1.1494252873563218,1
92,BAP1,meso_tcga_pan_can_atlas_2018,P293Gfs*35,1.1494252873563218,1
94,BAP1,meso_tcga_pan_can_atlas_2018,H169Tfs*18,1.1494252873563218,1
88,BAP1,chol_tcga_pan_can_atlas_2018,D608Afs*9,2.7777777777777777,1
89,BAP1,chol_tcga_pan_can_atlas_2018,E454Sfs*117,2.7777777777777777,1
90,BAP1,meso_tcga_pan_can_atlas_2018,N645Kfs*3,1.1494252873563218,1
91,BAP1,meso_tcga_pan_can_atlas_2018,A644Efs*11,1.1494252873563218,1
87,BAP1,acc_tcga_pan_can_atlas_2018,G533Wfs*4,1.0869565217391304,1
95,BAP1,meso_tcga_pan_can_atlas_2018,Y418Wfs*9,1.1494252873563218,1
102,BAP1,uvm_tcga_pan_can_atlas_2018,V27Gfs*42,1.25,1
97,BAP1,uvm_tcga_pan_can_atlas_2018,P338Lfs*24,1.25,1
98,BAP1,uvm_tcga_pan_can_atlas_2018,Q456Rfs*115,1.25,1
99,BAP1,uvm_tcga_pan_can_atlas_2018,K421Rfs*9,1.25,1
100,BAP1,uvm_tcga_pan_can_atlas_2018,P124Lfs*63,1.25,1
101,BAP1,uvm_tcga_pan_can_atlas_2018,D672Afs*17,1.25,1
96,BAP1,meso_tcga_pan_can_atlas_2018,I47Lfs*21,1.1494252873563218,1
121,BCOR,dlbc_tcga_pan_can_atlas_2018,S1720Ifs*5,2.083333333333333,1
122,BCOR,meso_tcga_pan_can_atlas_2018,S488Ifs*11,1.1494252873563218,1
204,BRCA2,uvm_tcga_pan_can_atlas_2018,F2841Kfs*24,1.25,1
203,BRCA2,ucs_tcga_pan_can_atlas_2018,T2367Lfs*9,1.7543859649122806,1
71,CASP8,acc_tcga_pan_can_atlas_2018,A165Pfs*14,1.0869565217391304,1
72,CDH1,acc_tcga_pan_can_atlas_2018,D854Kfs*8,1.0869565217391304,1
111,CDKN1A,kich_tcga_pan_can_atlas_2018,R46Pfs*2,1.5384615384615385,1
20,CDKN2A,acc_tcga_pan_can_atlas_2018,A30Gfs*18,1.0869565217391304,1
200,CPEB2,stad_tcga_pan_can_atlas_2018,C544Vfs*31,1.5909090909090908,7
201,CPEB2,ucec_tcga_pan_can_atlas_2018,C544Vfs*31,1.5122873345935728,8
183,CSNK2A1,dlbc_tcga_pan_can_atlas_2018,K229Rfs*15,2.083333333333333,1
75,CTCF,ucec_tcga_pan_can_atlas_2018,T204Qfs*18,1.5122873345935728,8
74,CTCF,ucec_tcga_pan_can_atlas_2018,T204Nfs*26,2.4574669187145557,13
73,CTCF,chol_tcga_pan_can_atlas_2018,H322Lfs*12,2.7777777777777777,1
76,CTCF,ucs_tcga_pan_can_atlas_2018,A127Pfs*4,1.7543859649122806,1
147,ELF3,chol_tcga_pan_can_atlas_2018,S20Hfs*15,2.7777777777777777,1
112,EP300,ucs_tcga_pan_can_atlas_2018,L18Tfs*21,1.7543859649122806,1
189,EPHA2,ucec_tcga_pan_can_atlas_2018,P460Rfs*33,1.7013232514177694,9
187,EPHA2,chol_tcga_pan_can_atlas_2018,I145Nfs*5,2.7777777777777777,1
188,EPHA2,stad_tcga_pan_can_atlas_2018,P460Rfs*33,1.1363636363636365,5
85,FAT1,kich_tcga_pan_can_atlas_2018,M1149Wfs*55,1.5384615384615385,1
46,GATA3,brca_tcga_pan_can_atlas_2018,P408Afs*99,1.1992619926199262,13
198,GGCT,kich_tcga_pan_can_atlas_2018,R30Dfs*20,1.5384615384615385,1
176,GSE1,ucec_tcga_pan_can_atlas_2018,V123Wfs*2,1.3232514177693762,7
177,GSE1,ucs_tcga_pan_can_atlas_2018,P112Lfs*13,1.7543859649122806,1
152,HLA-B,coadread_tcga_pan_can_atlas_2018,P209Qfs*5,1.0101010101010102,6
153,HLA-B,dlbc_tcga_pan_can_atlas_2018,W298Mfs*36,2.083333333333333,1
202,HMCN1,meso_tcga_pan_can_atlas_2018,S324Lfs*36,1.1494252873563218,1
199,HNF1A,kich_tcga_pan_can_atlas_2018,D192Gfs*2,1.5384615384615385,1
119,IL32,chol_tcga_pan_can_atlas_2018,G217Rfs*13,2.7777777777777777,1
185,INPPL1,ucec_tcga_pan_can_atlas_2018,P976Hfs*155,1.7013232514177694,9
184,INPPL1,ucec_tcga_pan_can_atlas_2018,R1156Gfs*46,2.835538752362949,15
186,INPPL1,ucs_tcga_pan_can_atlas_2018,R1156Gfs*46,1.7543859649122806,1
178,IWS1,stad_tcga_pan_can_atlas_2018,S802Afs*7,1.1363636363636365,5
120,KANSL1,stad_tcga_pan_can_atlas_2018,Q968Sfs*46,1.3636363636363635,6
170,KMT2A,acc_tcga_pan_can_atlas_2018,D877Pfs*8,1.0869565217391304,1
169,KMT2B,ucs_tcga_pan_can_atlas_2018,S2698Afs*40,1.7543859649122806,1
166,KMT2B,acc_tcga_pan_can_atlas_2018,V1464Afs*213,1.0869565217391304,1
168,KMT2B,stad_tcga_pan_can_atlas_2018,P174Qfs*20,1.3636363636363635,6
167,KMT2B,acc_tcga_pan_can_atlas_2018,G1879Vfs*16,1.0869565217391304,1
67,KMT2C,stad_tcga_pan_can_atlas_2018,F4496Lfs*21,1.3636363636363635,6
68,KMT2C,ucs_tcga_pan_can_atlas_2018,S2984Lfs*6,1.7543859649122806,1
65,KMT2C,acc_tcga_pan_can_atlas_2018,S4669Cfs*13,1.0869565217391304,1
66,KMT2C,chol_tcga_pan_can_atlas_2018,Q618Tfs*4,2.7777777777777777,1
52,KMT2D,acc_tcga_pan_can_atlas_2018,P2354Lfs*30,1.0869565217391304,1
62,KMT2D,ucs_tcga_pan_can_atlas_2018,P1460Hfs*46,1.7543859649122806,1
61,KMT2D,ucec_tcga_pan_can_atlas_2018,P2354Lfs*30,1.3232514177693762,7
60,KMT2D,ucec_tcga_pan_can_atlas_2018,G1235Vfs*95,1.7013232514177694,9
59,KMT2D,stad_tcga_pan_can_atlas_2018,P2354Lfs*30,1.1363636363636365,5
58,KMT2D,dlbc_tcga_pan_can_atlas_2018,G1946Rfs*11,2.083333333333333,1
57,KMT2D,dlbc_tcga_pan_can_atlas_2018,A1390Gfs*42,2.083333333333333,1
53,KMT2D,coadread_tcga_pan_can_atlas_2018,P2354Lfs*30,1.1784511784511784,7
55,KMT2D,dlbc_tcga_pan_can_atlas_2018,L3880Dfs*131,2.083333333333333,1
56,KMT2D,dlbc_tcga_pan_can_atlas_2018,S807Ffs*5,2.083333333333333,1
54,KMT2D,dlbc_tcga_pan_can_atlas_2018,S4034Qfs*15,2.083333333333333,1
126,LARP4B,ucs_tcga_pan_can_atlas_2018,T163Hfs*47,1.7543859649122806,1
125,LARP4B,ucec_tcga_pan_can_atlas_2018,T163Hfs*47,1.890359168241966,10
124,LARP4B,stad_tcga_pan_can_atlas_2018,T163Hfs*47,5.227272727272727,23
123,LARP4B,coadread_tcga_pan_can_atlas_2018,T163Hfs*47,2.1885521885521886,13
86,MAP2K4,ucs_tcga_pan_can_atlas_2018,Q144Tfs*13,1.7543859649122806,1
44,MAP3K1,ucs_tcga_pan_can_atlas_2018,P1203Sfs*5,1.7543859649122806,1
163,MBD6,stad_tcga_pan_can_atlas_2018,Q734Nfs*18,1.1363636363636365,5
162,MBD6,coadread_tcga_pan_can_atlas_2018,Q694Sfs*5,1.3468013468013467,8
164,MBD6,ucec_tcga_pan_can_atlas_2018,Q734Nfs*18,1.3232514177693762,7
138,MEN1,stad_tcga_pan_can_atlas_2018,R521Gfs*43,1.1363636363636365,5
136,MEN1,acc_tcga_pan_can_atlas_2018,E364Vfs*6,1.0869565217391304,1
135,MEN1,acc_tcga_pan_can_atlas_2018,R521Pfs*15,1.0869565217391304,1
137,MEN1,acc_tcga_pan_can_atlas_2018,I85Sfs*33,1.0869565217391304,1
171,MGA,acc_tcga_pan_can_atlas_2018,G2188Efs*14,1.0869565217391304,1
43,NF1,dlbc_tcga_pan_can_atlas_2018,H1962Pfs*2,2.083333333333333,1
42,NF1,acc_tcga_pan_can_atlas_2018,R1970Efs*9,1.0869565217391304,1
154,NF2,meso_tcga_pan_can_atlas_2018,R225fs,1.1494252873563218,1
155,NF2,meso_tcga_pan_can_atlas_2018,R187Lfs*21,1.1494252873563218,1
157,NF2,meso_tcga_pan_can_atlas_2018,K449Rfs*45,1.1494252873563218,1
156,NF2,meso_tcga_pan_can_atlas_2018,S87Gfs*15,1.1494252873563218,1
141,NOTCH2,dlbc_tcga_pan_can_atlas_2018,C275Wfs*120,2.083333333333333,1
63,NPM1,laml_tcga_pan_can_atlas_2018,W288Cfs*12,25.5,51
127,NSD1,ucec_tcga_pan_can_atlas_2018,M1531Cfs*43,2.2684310018903595,12
36,PBRM1,chol_tcga_pan_can_atlas_2018,R74Sfs*18,2.7777777777777777,1
37,PBRM1,chol_tcga_pan_can_atlas_2018,P1360Lfs*21,2.7777777777777777,1
38,PBRM1,meso_tcga_pan_can_atlas_2018,G1562Efs*34,1.1494252873563218,1
69,PIK3R1,ucs_tcga_pan_can_atlas_2018,Q221Pfs*8,1.7543859649122806,1
70,PIK3R1,ucs_tcga_pan_can_atlas_2018,L420Ffs*22,1.7543859649122806,1
149,PLEKHA6,esca_tcga_pan_can_atlas_2018,V328Yfs*172,1.098901098901099,2
151,PLEKHA6,ucec_tcga_pan_can_atlas_2018,V328Yfs*172,2.4574669187145557,13
150,PLEKHA6,stad_tcga_pan_can_atlas_2018,V328Yfs*172,3.1818181818181817,14
148,PLEKHA6,coadread_tcga_pan_can_atlas_2018,V328Yfs*172,2.1885521885521886,13
190,PTCH1,acc_tcga_pan_can_atlas_2018,C727Vfs*19,1.0869565217391304,1
192,PTCH1,meso_tcga_pan_can_atlas_2018,Q1020Sfs*29,1.1494252873563218,1
191,PTCH1,esca_tcga_pan_can_atlas_2018,S1203Afs*52,1.098901098901099,2
193,PTCH1,ucec_tcga_pan_can_atlas_2018,S1203Afs*52,1.3232514177693762,7
13,PTEN,stad_tcga_pan_can_atlas_2018,K267Rfs*9,2.0454545454545454,9
14,PTEN,ucec_tcga_pan_can_atlas_2018,K267Rfs*9,1.3232514177693762,7
15,PTEN,ucec_tcga_pan_can_atlas_2018,D268Gfs*30,1.5122873345935728,8
16,PTEN,ucec_tcga_pan_can_atlas_2018,N323Kfs*2,2.0793950850661624,11
17,PTEN,ucec_tcga_pan_can_atlas_2018,N323Mfs*21,1.3232514177693762,7
18,PTEN,ucs_tcga_pan_can_atlas_2018,R234Pfs*9,1.7543859649122806,1
19,PTEN,ucs_tcga_pan_can_atlas_2018,N311Mfs*6,1.7543859649122806,1
41,RB1,meso_tcga_pan_can_atlas_2018,I285Mfs*4,1.1494252873563218,1
40,RB1,kich_tcga_pan_can_atlas_2018,L779Yfs*28,1.5384615384615385,1
39,RB1,kich_tcga_pan_can_atlas_2018,Q685Sfs*11,1.5384615384615385,1
205,RBBP6,kich_tcga_pan_can_atlas_2018,G1525Efs*37,1.5384615384615385,1
195,RGS12,ucec_tcga_pan_can_atlas_2018,Q1292Rfs*49,1.1342155009451798,6
194,RGS12,acc_tcga_pan_can_atlas_2018,Q1292Rfs*49,1.0869565217391304,1
103,RNF43,coadread_tcga_pan_can_atlas_2018,G659Vfs*41,3.872053872053872,23
104,RNF43,stad_tcga_pan_can_atlas_2018,G659Vfs*41,5.681818181818182,25
105,RNF43,ucec_tcga_pan_can_atlas_2018,G659Vfs*41,7.9395085066162565,42
79,RPL22,acc_tcga_pan_can_atlas_2018,K15Rfs*5,2.1739130434782608,2
80,RPL22,coadread_tcga_pan_can_atlas_2018,K15Rfs*5,1.6835016835016834,10
81,RPL22,esca_tcga_pan_can_atlas_2018,K15Rfs*5,1.6483516483516485,3
82,RPL22,stad_tcga_pan_can_atlas_2018,K15Rfs*5,5.681818181818182,25
83,RPL22,ucec_tcga_pan_can_atlas_2018,K15Rfs*5,9.073724007561438,48
84,RPL22,ucs_tcga_pan_can_atlas_2018,K15Rfs*5,1.7543859649122806,1
51,SETD2,meso_tcga_pan_can_atlas_2018,Q1998Rfs*3,1.1494252873563218,1
50,SETD2,meso_tcga_pan_can_atlas_2018,T1753Nfs*36,1.1494252873563218,1
49,SETD2,chol_tcga_pan_can_atlas_2018,L2013Pfs*20,2.7777777777777777,1
45,SMAD4,ucs_tcga_pan_can_atlas_2018,M4Vfs*9,1.7543859649122806,1
196,SPRED1,chol_tcga_pan_can_atlas_2018,D357Kfs*46,2.7777777777777777,1
110,STK11,chol_tcga_pan_can_atlas_2018,K62Sfs*100,2.7777777777777777,1
142,TBL1XR1,stad_tcga_pan_can_atlas_2018,N126Mfs*16,1.1363636363636365,5
182,TCF7L2,ucs_tcga_pan_can_atlas_2018,L200Pfs*10,1.7543859649122806,1
145,TET2,dlbc_tcga_pan_can_atlas_2018,N1748Tfs*15,2.083333333333333,1
146,TET2,ucs_tcga_pan_can_atlas_2018,H724Qfs*27,1.7543859649122806,1
128,TNRC6B,acc_tcga_pan_can_atlas_2018,N470Mfs*33,1.0869565217391304,1
5,TP53,chol_tcga_pan_can_atlas_2018,M237Gfs*20,2.7777777777777777,1
10,TP53,ucs_tcga_pan_can_atlas_2018,Q38Kfs*6,1.7543859649122806,1
3,TP53,acc_tcga_pan_can_atlas_2018,H168Cfs*8,1.0869565217391304,1
9,TP53,ucs_tcga_pan_can_atlas_2018,P27Lfs*17,1.7543859649122806,1
12,TP53,ucs_tcga_pan_can_atlas_2018,N268Kfs*77,1.7543859649122806,1
8,TP53,meso_tcga_pan_can_atlas_2018,E171Rfs*3,1.1494252873563218,1
6,TP53,esca_tcga_pan_can_atlas_2018,P128Lfs*42,1.098901098901099,2
7,TP53,kich_tcga_pan_can_atlas_2018,P27Lfs*17,1.5384615384615385,1
2,TP53,acc_tcga_pan_can_atlas_2018,V73Rfs*76,1.0869565217391304,1
1,TP53,acc_tcga_pan_can_atlas_2018,E339Afs*8,1.0869565217391304,1
11,TP53,ucs_tcga_pan_can_atlas_2018,S121Cfs*27,1.7543859649122806,1
4,TP53,acc_tcga_pan_can_atlas_2018,R335Lfs*10,1.0869565217391304,1
0,TP53,acc_tcga_pan_can_atlas_2018,P27Lfs*17,1.0869565217391304,1
172,TP53BP1,chol_tcga_pan_can_atlas_2018,I376Nfs*4,2.7777777777777777,1
165,TRIP12,coadread_tcga_pan_can_atlas_2018,S1195Lfs*24,1.0101010101010102,6
175,USP9X,ucs_tcga_pan_can_atlas_2018,R1380Kfs*5,1.7543859649122806,1
174,USP9X,meso_tcga_pan_can_atlas_2018,S646Vfs*20,1.1494252873563218,1
173,USP9X,kich_tcga_pan_can_atlas_2018,S2462Kfs*3,1.5384615384615385,1
109,ZC3H13,ucs_tcga_pan_can_atlas_2018,G997Dfs*40,1.7543859649122806,1
161,ZC3H18,ucec_tcga_pan_can_atlas_2018,R680Gfs*5,1.5122873345935728,8
160,ZC3H18,stad_tcga_pan_can_atlas_2018,R680Gfs*5,1.8181818181818181,8
159,ZC3H18,esca_tcga_pan_can_atlas_2018,R680Gfs*5,1.098901098901099,2
158,ZC3H18,acc_tcga_pan_can_atlas_2018,R680Gfs*5,1.0869565217391304,1
144,ZFP36L1,ucs_tcga_pan_can_atlas_2018,N65Sfs*6,1.7543859649122806,1
143,ZFP36L1,dlbc_tcga_pan_can_atlas_2018,S113Rfs*7,2.083333333333333,1
140,ZFP36L2,ucs_tcga_pan_can_atlas_2018,G228Afs*233,1.7543859649122806,1
139,ZFP36L2,coadread_tcga_pan_can_atlas_2018,G144Afs*43,1.0101010101010102,6
179,ZNF292,ucs_tcga_pan_can_atlas_2018,R2545Gfs*14,1.7543859649122806,1
181,ZNRF3,acc_tcga_pan_can_atlas_2018,V394Sfs*4,1.0869565217391304,1
180,ZNRF3,acc_tcga_pan_can_atlas_2018,L191Qfs*19,1.0869565217391304,1
